<?xml version="1.0" encoding="utf-8" standalone="yes"?>
<rss version="2.0" xmlns:atom="http://www.w3.org/2005/Atom" xmlns:content="http://purl.org/rss/1.0/modules/content/">
  <channel>
    <title>Tecnología on Nuevo hugo</title>
    <link>http://localhost:1313/tecnologia/</link>
    <description>Recent content in Tecnología on Nuevo hugo</description>
    <generator>Hugo -- 0.151.2</generator>
    <language>es</language>
    <lastBuildDate>Wed, 29 Oct 2025 00:00:00 +0000</lastBuildDate>
    <atom:link href="http://localhost:1313/tecnologia/index.xml" rel="self" type="application/rss+xml" />
    <item>
      <title>¿Qué es la Inteligencia Artificial?</title>
      <link>http://localhost:1313/tecnologia/inteligencia-artificial/</link>
      <pubDate>Wed, 29 Oct 2025 00:00:00 +0000</pubDate>
      <guid>http://localhost:1313/tecnologia/inteligencia-artificial/</guid>
      <description>&lt;h2 id=&#34;la-inteligencia-artificial-permite-que-las-máquinas-aprendan-y-realicen-tareas-humanas&#34;&gt;La inteligencia artificial permite que las máquinas aprendan y realicen tareas humanas.&lt;/h2&gt;
&lt;h2 id=&#34;draft-false&#34;&gt;title: &amp;ldquo;¿Qué es la Inteligencia Artificial?&amp;rdquo;
date: 2025-10-29
draft: false&lt;/h2&gt;
&lt;h1 id=&#34;-inteligencia-artificial-ia&#34;&gt;🤖 Inteligencia Artificial (IA)&lt;/h1&gt;
&lt;p&gt;La &lt;strong&gt;IA&lt;/strong&gt; es la rama de la informática que permite a las máquinas &lt;em&gt;aprender y razonar&lt;/em&gt;.&lt;/p&gt;
&lt;h2 id=&#34;ejemplos-de-uso&#34;&gt;Ejemplos de uso&lt;/h2&gt;
&lt;ul&gt;
&lt;li&gt;&lt;strong&gt;Asistentes virtuales&lt;/strong&gt; como Alexa y Siri.&lt;/li&gt;
&lt;li&gt;&lt;em&gt;Coches autónomos&lt;/em&gt;.&lt;/li&gt;
&lt;li&gt;&lt;strong&gt;Chatbots&lt;/strong&gt; inteligentes.&lt;/li&gt;
&lt;/ul&gt;
&lt;p&gt;&lt;img alt=&#34;Cerebro digital&#34; loading=&#34;lazy&#34; src=&#34;https://upload.wikimedia.org/wikipedia/commons/7/7c/Artificial_Intelligence_Brain.jpg&#34;&gt;
&lt;img alt=&#34;Robot IA&#34; loading=&#34;lazy&#34; src=&#34;https://upload.wikimedia.org/wikipedia/commons/1/1a/AI_robot.jpg&#34;&gt;&lt;/p&gt;
&lt;hr&gt;
&lt;h2 id=&#34;más-información&#34;&gt;Más información&lt;/h2&gt;
&lt;p&gt;Consulta este artículo:&lt;br&gt;
👉 &lt;a href=&#34;https://www.ibm.com/es-es/topics/artificial-intelligence&#34;&gt;Qué es la IA según IBM&lt;/a&gt;&lt;/p&gt;
&lt;p&gt;La IA está transformando el &lt;em&gt;mundo laboral&lt;/em&gt;, la &lt;strong&gt;educación&lt;/strong&gt; y el entretenimiento.&lt;/p&gt;</description>
    </item>
    <item>
      <title>El Futuro de los Robots</title>
      <link>http://localhost:1313/tecnologia/robots/</link>
      <pubDate>Wed, 29 Oct 2025 00:00:00 +0000</pubDate>
      <guid>http://localhost:1313/tecnologia/robots/</guid>
      <description>&lt;h1 id=&#34;-robots-en-la-vida-cotidiana&#34;&gt;🤖 Robots en la vida cotidiana&lt;/h1&gt;
&lt;p&gt;Los robots ya no son ciencia ficción. Hoy ayudan en tareas del hogar y la industria.&lt;/p&gt;
&lt;h2 id=&#34;tipos-de-robots&#34;&gt;Tipos de robots&lt;/h2&gt;
&lt;ol&gt;
&lt;li&gt;&lt;strong&gt;Industriales&lt;/strong&gt;&lt;/li&gt;
&lt;li&gt;&lt;em&gt;Domésticos&lt;/em&gt;&lt;/li&gt;
&lt;li&gt;&lt;strong&gt;Médicos&lt;/strong&gt;&lt;/li&gt;
&lt;/ol&gt;
&lt;p&gt;&lt;img alt=&#34;Robot industrial&#34; loading=&#34;lazy&#34; src=&#34;https://upload.wikimedia.org/wikipedia/commons/3/3b/Industrial_robot_arm.jpg&#34;&gt;
&lt;img alt=&#34;Robot doméstico&#34; loading=&#34;lazy&#34; src=&#34;https://upload.wikimedia.org/wikipedia/commons/8/85/Pepper_robot.jpg&#34;&gt;&lt;/p&gt;
&lt;hr&gt;
&lt;h2 id=&#34;reflexión&#34;&gt;Reflexión&lt;/h2&gt;
&lt;p&gt;&lt;em&gt;¿Podrán los robots tener emociones algún día?&lt;/em&gt;&lt;br&gt;
Más información en &lt;a href=&#34;https://www.bbva.com/es/que-es-la-robotica-y-como-esta-transformando-el-mundo/&#34;&gt;Artículo de BBVA sobre robótica&lt;/a&gt;.&lt;/p&gt;</description>
    </item>
  </channel>
</rss>
