<?xml version="1.0" encoding="utf-8" standalone="yes"?>
<rss version="2.0" xmlns:atom="http://www.w3.org/2005/Atom" xmlns:content="http://purl.org/rss/1.0/modules/content/">
  <channel>
    <title>Categories on Nuevo hugo</title>
    <link>http://localhost:1313/categories/</link>
    <description>Recent content in Categories on Nuevo hugo</description>
    <generator>Hugo -- 0.151.2</generator>
    <language>es</language>
    <atom:link href="http://localhost:1313/categories/index.xml" rel="self" type="application/rss+xml" />
  </channel>
</rss>
