<?xml version="1.0" encoding="utf-8" standalone="yes"?>
<rss version="2.0" xmlns:atom="http://www.w3.org/2005/Atom" xmlns:content="http://purl.org/rss/1.0/modules/content/">
  <channel>
    <title>Tags on Mi Sitio tarea con Hugo</title>
    <link>http://localhost:1313/tags/</link>
    <description>Recent content in Tags on Mi Sitio tarea con Hugo</description>
    <generator>Hugo -- 0.151.2</generator>
    <language>es-es</language>
    <atom:link href="http://localhost:1313/tags/index.xml" rel="self" type="application/rss+xml" />
  </channel>
</rss>
