<?xml version="1.0" encoding="utf-8" standalone="yes"?>
<rss version="2.0" xmlns:atom="http://www.w3.org/2005/Atom" xmlns:content="http://purl.org/rss/1.0/modules/content/">
  <channel>
    <title>Mi Sitio tarea con Hugo</title>
    <link>http://localhost:1313/</link>
    <description>Recent content on Mi Sitio tarea con Hugo</description>
    <generator>Hugo -- 0.151.2</generator>
    <language>es-es</language>
    <lastBuildDate>Mon, 27 Oct 2025 01:19:00 +0100</lastBuildDate>
    <atom:link href="http://localhost:1313/index.xml" rel="self" type="application/rss+xml" />
    <item>
      <title>Turisticos</title>
      <link>http://localhost:1313/lugares/turisticos/</link>
      <pubDate>Mon, 27 Oct 2025 01:19:00 +0100</pubDate>
      <guid>http://localhost:1313/lugares/turisticos/</guid>
      <description></description>
    </item>
    <item>
      <title>Historicos</title>
      <link>http://localhost:1313/lugares/historicos/</link>
      <pubDate>Mon, 27 Oct 2025 01:18:42 +0100</pubDate>
      <guid>http://localhost:1313/lugares/historicos/</guid>
      <description></description>
    </item>
    <item>
      <title>Postres</title>
      <link>http://localhost:1313/menu/postres/</link>
      <pubDate>Mon, 27 Oct 2025 01:17:48 +0100</pubDate>
      <guid>http://localhost:1313/menu/postres/</guid>
      <description></description>
    </item>
    <item>
      <title>Pastas</title>
      <link>http://localhost:1313/menu/pastas/</link>
      <pubDate>Mon, 27 Oct 2025 01:17:33 +0100</pubDate>
      <guid>http://localhost:1313/menu/pastas/</guid>
      <description></description>
    </item>
    <item>
      <title>Budapest</title>
      <link>http://localhost:1313/viajes/budapest/</link>
      <pubDate>Mon, 27 Oct 2025 00:00:00 +0000</pubDate>
      <guid>http://localhost:1313/viajes/budapest/</guid>
      <description>&lt;h1 id=&#34;budapest--la-ciudad-del-amor&#34;&gt;Budapest — La Ciudad del Amor&lt;/h1&gt;
&lt;h2 id=&#34;historia-y-cultura&#34;&gt;Historia y Cultura&lt;/h2&gt;
&lt;p&gt;&lt;strong&gt;Budapest&lt;/strong&gt; es una de las ciudades más visitadas del mundo.&lt;br&gt;
Su arquitectura &lt;em&gt;romántica&lt;/em&gt; y su gastronomía la hacen única.&lt;/p&gt;
&lt;p&gt;&lt;img alt=&#34;Fishersman Bastion&#34; loading=&#34;lazy&#34; src=&#34;https://th.bing.com/th/id/R.d99990ae7e95dcddfd903635ad7457cf?rik=kY7VK7Gef78DEA&amp;riu=http%3a%2f%2flaguiadebudapest.com%2fwp-content%2fuploads%2f2017%2f03%2fbastion_pescadores_budapest.jpg&amp;ehk=QwhvMECsCdiPlzwDnLDRKWi93yETy3aej9qLQ2n3K3g%3d&amp;risl=&amp;pid=ImgRaw&amp;r=0&#34;&gt;
&lt;img alt=&#34;Parlamento&#34; loading=&#34;lazy&#34; src=&#34;https://tse2.mm.bing.net/th/id/OIP.gwIeTvVufcAA811dTJSVBQHaEo?rs=1&amp;pid=ImgDetMain&amp;o=7&amp;rm=3&#34;&gt;&lt;/p&gt;
&lt;p&gt;Puedes visitar la &lt;a href=&#34;https://en.parisinfo.com/&#34;&gt;página oficial de turismo&lt;/a&gt;&lt;br&gt;
para más información o seguirnos en &lt;a href=&#34;https://www.instagram.com/&#34;&gt;Instagram&lt;/a&gt;.&lt;/p&gt;
&lt;hr&gt;
&lt;h1 id=&#34;gastronomía-francesa&#34;&gt;Gastronomía Francesa&lt;/h1&gt;
&lt;h2 id=&#34;sabores-únicos&#34;&gt;Sabores Únicos&lt;/h2&gt;
&lt;p&gt;&lt;strong&gt;Croissants&lt;/strong&gt;, &lt;em&gt;baguettes&lt;/em&gt;, y vinos franceses — una experiencia inolvidable.&lt;/p&gt;
&lt;p&gt;&lt;img alt=&#34;Croissants&#34; loading=&#34;lazy&#34; src=&#34;https://upload.wikimedia.org/wikipedia/commons/7/7e/Croissant-Pain-au-chocolat.jpg&#34;&gt;
&lt;img alt=&#34;Vino Francés&#34; loading=&#34;lazy&#34; src=&#34;https://upload.wikimedia.org/wikipedia/commons/1/1e/Wine_Glass.jpg&#34;&gt;&lt;/p&gt;
&lt;p&gt;Descubre más recetas en &lt;a href=&#34;https://recetasparis.com&#34;&gt;Recetas París&lt;/a&gt;.&lt;/p&gt;
&lt;hr&gt;</description>
    </item>
    <item>
      <title>Roma</title>
      <link>http://localhost:1313/viajes/roma/</link>
      <pubDate>Mon, 27 Oct 2025 00:00:00 +0000</pubDate>
      <guid>http://localhost:1313/viajes/roma/</guid>
      <description>&lt;h1 id=&#34;roma&#34;&gt;ROMA&lt;/h1&gt;
&lt;p&gt;Una ciudad preciosa llena de monumentos increibles.&lt;/p&gt;</description>
    </item>
  </channel>
</rss>
