<?xml version="1.0" encoding="utf-8" standalone="yes"?>
<rss version="2.0" xmlns:atom="http://www.w3.org/2005/Atom" xmlns:content="http://purl.org/rss/1.0/modules/content/">
  <channel>
    <title>Lugares on Mi Sitio tarea con Hugo</title>
    <link>http://localhost:1313/lugares/</link>
    <description>Recent content in Lugares on Mi Sitio tarea con Hugo</description>
    <generator>Hugo -- 0.151.2</generator>
    <language>es-es</language>
    <lastBuildDate>Mon, 27 Oct 2025 01:19:00 +0100</lastBuildDate>
    <atom:link href="http://localhost:1313/lugares/index.xml" rel="self" type="application/rss+xml" />
    <item>
      <title>Turisticos</title>
      <link>http://localhost:1313/lugares/turisticos/</link>
      <pubDate>Mon, 27 Oct 2025 01:19:00 +0100</pubDate>
      <guid>http://localhost:1313/lugares/turisticos/</guid>
      <description></description>
    </item>
    <item>
      <title>Historicos</title>
      <link>http://localhost:1313/lugares/historicos/</link>
      <pubDate>Mon, 27 Oct 2025 01:18:42 +0100</pubDate>
      <guid>http://localhost:1313/lugares/historicos/</guid>
      <description></description>
    </item>
  </channel>
</rss>
