<?xml version="1.0" encoding="utf-8" standalone="yes"?>
<rss version="2.0" xmlns:atom="http://www.w3.org/2005/Atom" xmlns:content="http://purl.org/rss/1.0/modules/content/">
  <channel>
    <title>Mi Sitio Hugo on Nuevo hugo</title>
    <link>http://localhost:1313/</link>
    <description>Recent content in Mi Sitio Hugo on Nuevo hugo</description>
    <generator>Hugo -- 0.151.2</generator>
    <language>es</language>
    <lastBuildDate>Wed, 29 Oct 2025 00:00:00 +0000</lastBuildDate>
    <atom:link href="http://localhost:1313/index.xml" rel="self" type="application/rss+xml" />
    <item>
      <title>¿Qué es la Inteligencia Artificial?</title>
      <link>http://localhost:1313/tecnologia/inteligencia-artificial/</link>
      <pubDate>Wed, 29 Oct 2025 00:00:00 +0000</pubDate>
      <guid>http://localhost:1313/tecnologia/inteligencia-artificial/</guid>
      <description>&lt;h2 id=&#34;la-inteligencia-artificial-permite-que-las-máquinas-aprendan-y-realicen-tareas-humanas&#34;&gt;La inteligencia artificial permite que las máquinas aprendan y realicen tareas humanas.&lt;/h2&gt;
&lt;h2 id=&#34;draft-false&#34;&gt;title: &amp;ldquo;¿Qué es la Inteligencia Artificial?&amp;rdquo;
date: 2025-10-29
draft: false&lt;/h2&gt;
&lt;h1 id=&#34;-inteligencia-artificial-ia&#34;&gt;🤖 Inteligencia Artificial (IA)&lt;/h1&gt;
&lt;p&gt;La &lt;strong&gt;IA&lt;/strong&gt; es la rama de la informática que permite a las máquinas &lt;em&gt;aprender y razonar&lt;/em&gt;.&lt;/p&gt;
&lt;h2 id=&#34;ejemplos-de-uso&#34;&gt;Ejemplos de uso&lt;/h2&gt;
&lt;ul&gt;
&lt;li&gt;&lt;strong&gt;Asistentes virtuales&lt;/strong&gt; como Alexa y Siri.&lt;/li&gt;
&lt;li&gt;&lt;em&gt;Coches autónomos&lt;/em&gt;.&lt;/li&gt;
&lt;li&gt;&lt;strong&gt;Chatbots&lt;/strong&gt; inteligentes.&lt;/li&gt;
&lt;/ul&gt;
&lt;p&gt;&lt;img alt=&#34;Cerebro digital&#34; loading=&#34;lazy&#34; src=&#34;https://upload.wikimedia.org/wikipedia/commons/7/7c/Artificial_Intelligence_Brain.jpg&#34;&gt;
&lt;img alt=&#34;Robot IA&#34; loading=&#34;lazy&#34; src=&#34;https://upload.wikimedia.org/wikipedia/commons/1/1a/AI_robot.jpg&#34;&gt;&lt;/p&gt;
&lt;hr&gt;
&lt;h2 id=&#34;más-información&#34;&gt;Más información&lt;/h2&gt;
&lt;p&gt;Consulta este artículo:&lt;br&gt;
👉 &lt;a href=&#34;https://www.ibm.com/es-es/topics/artificial-intelligence&#34;&gt;Qué es la IA según IBM&lt;/a&gt;&lt;/p&gt;
&lt;p&gt;La IA está transformando el &lt;em&gt;mundo laboral&lt;/em&gt;, la &lt;strong&gt;educación&lt;/strong&gt; y el entretenimiento.&lt;/p&gt;</description>
    </item>
    <item>
      <title>El Futuro de los Robots</title>
      <link>http://localhost:1313/tecnologia/robots/</link>
      <pubDate>Wed, 29 Oct 2025 00:00:00 +0000</pubDate>
      <guid>http://localhost:1313/tecnologia/robots/</guid>
      <description>&lt;h1 id=&#34;-robots-en-la-vida-cotidiana&#34;&gt;🤖 Robots en la vida cotidiana&lt;/h1&gt;
&lt;p&gt;Los robots ya no son ciencia ficción. Hoy ayudan en tareas del hogar y la industria.&lt;/p&gt;
&lt;h2 id=&#34;tipos-de-robots&#34;&gt;Tipos de robots&lt;/h2&gt;
&lt;ol&gt;
&lt;li&gt;&lt;strong&gt;Industriales&lt;/strong&gt;&lt;/li&gt;
&lt;li&gt;&lt;em&gt;Domésticos&lt;/em&gt;&lt;/li&gt;
&lt;li&gt;&lt;strong&gt;Médicos&lt;/strong&gt;&lt;/li&gt;
&lt;/ol&gt;
&lt;p&gt;&lt;img alt=&#34;Robot industrial&#34; loading=&#34;lazy&#34; src=&#34;https://upload.wikimedia.org/wikipedia/commons/3/3b/Industrial_robot_arm.jpg&#34;&gt;
&lt;img alt=&#34;Robot doméstico&#34; loading=&#34;lazy&#34; src=&#34;https://upload.wikimedia.org/wikipedia/commons/8/85/Pepper_robot.jpg&#34;&gt;&lt;/p&gt;
&lt;hr&gt;
&lt;h2 id=&#34;reflexión&#34;&gt;Reflexión&lt;/h2&gt;
&lt;p&gt;&lt;em&gt;¿Podrán los robots tener emociones algún día?&lt;/em&gt;&lt;br&gt;
Más información en &lt;a href=&#34;https://www.bbva.com/es/que-es-la-robotica-y-como-esta-transformando-el-mundo/&#34;&gt;Artículo de BBVA sobre robótica&lt;/a&gt;.&lt;/p&gt;</description>
    </item>
    <item>
      <title>Lasaña Casera</title>
      <link>http://localhost:1313/recetas/lasagna/</link>
      <pubDate>Wed, 29 Oct 2025 00:00:00 +0000</pubDate>
      <guid>http://localhost:1313/recetas/lasagna/</guid>
      <description>&lt;h2 id=&#34;receta-fácil-para-preparar-una-deliciosa-lasaña-casera-con-masa-crujiente&#34;&gt;Receta fácil para preparar una deliciosa Lasaña casera con masa crujiente.&lt;/h2&gt;
&lt;h2 id=&#34;draft-false&#34;&gt;title: &amp;ldquo;Lasaña Boloñesa Casera&amp;rdquo;
date: 2025-10-29
draft: false&lt;/h2&gt;
&lt;h1 id=&#34;-lasaña-boloñesa&#34;&gt;🧀 Lasaña Boloñesa&lt;/h1&gt;
&lt;p&gt;La &lt;strong&gt;lasaña&lt;/strong&gt; es uno de los platos más &lt;em&gt;famosos&lt;/em&gt; de Italia, perfecta para compartir en familia.&lt;/p&gt;
&lt;h2 id=&#34;ingredientes-principales&#34;&gt;Ingredientes principales&lt;/h2&gt;
&lt;ul&gt;
&lt;li&gt;&lt;strong&gt;Láminas de pasta&lt;/strong&gt;&lt;/li&gt;
&lt;li&gt;&lt;em&gt;Carne molida de res&lt;/em&gt;&lt;/li&gt;
&lt;li&gt;&lt;strong&gt;Salsa bechamel&lt;/strong&gt;&lt;/li&gt;
&lt;li&gt;&lt;em&gt;Queso mozzarella y parmesano&lt;/em&gt;&lt;/li&gt;
&lt;li&gt;&lt;strong&gt;Tomate triturado&lt;/strong&gt;&lt;/li&gt;
&lt;/ul&gt;
&lt;p&gt;&lt;img alt=&#34;Lasaña boloñesa&#34; loading=&#34;lazy&#34; src=&#34;https://upload.wikimedia.org/wikipedia/commons/0/0b/Lasagna_bolognese.jpg&#34;&gt;
&lt;img alt=&#34;Ingredientes lasaña&#34; loading=&#34;lazy&#34; src=&#34;https://upload.wikimedia.org/wikipedia/commons/e/e8/Lasagna_ingredients.jpg&#34;&gt;&lt;/p&gt;
&lt;hr&gt;
&lt;h2 id=&#34;preparación&#34;&gt;Preparación&lt;/h2&gt;
&lt;ol&gt;
&lt;li&gt;Cocina la carne con tomate y especias.&lt;/li&gt;
&lt;li&gt;Alterna capas de &lt;em&gt;pasta&lt;/em&gt;, &lt;strong&gt;salsa boloñesa&lt;/strong&gt; y &lt;em&gt;queso&lt;/em&gt;.&lt;/li&gt;
&lt;li&gt;Hornea durante 30 minutos a 180 °C.&lt;/li&gt;
&lt;/ol&gt;
&lt;hr&gt;
&lt;h2 id=&#34;consejos&#34;&gt;Consejos&lt;/h2&gt;
&lt;ul&gt;
&lt;li&gt;Deja reposar unos minutos antes de servir.&lt;/li&gt;
&lt;li&gt;Acompaña con una copa de &lt;strong&gt;vino tinto italiano&lt;/strong&gt;.&lt;/li&gt;
&lt;/ul&gt;
&lt;p&gt;Descubre más sobre la gastronomía de Italia en&lt;br&gt;
👉 &lt;a href=&#34;https://www.italia.it/es&#34;&gt;https://www.italia.it/es&lt;/a&gt;&lt;/p&gt;</description>
    </item>
    <item>
      <title>París</title>
      <link>http://localhost:1313/viajes/paris/</link>
      <pubDate>Wed, 29 Oct 2025 00:00:00 +0000</pubDate>
      <guid>http://localhost:1313/viajes/paris/</guid>
      <description>&lt;h1 id=&#34;bienvenido-a-parís&#34;&gt;Bienvenido a París&lt;/h1&gt;
&lt;p&gt;París es una ciudad llena de historia y arte.&lt;br&gt;
Caminar por sus calles es &lt;em&gt;mágico&lt;/em&gt; y &lt;strong&gt;inolvidable&lt;/strong&gt;.&lt;/p&gt;
&lt;hr&gt;
&lt;h2 id=&#34;lugares-destacados&#34;&gt;Lugares Destacados&lt;/h2&gt;
&lt;ul&gt;
&lt;li&gt;&lt;strong&gt;Torre Eiffel&lt;/strong&gt;: el símbolo más famoso de París.&lt;/li&gt;
&lt;li&gt;&lt;em&gt;Museo del Louvre&lt;/em&gt;: hogar de obras maestras como la Mona Lisa.&lt;/li&gt;
&lt;/ul&gt;
&lt;hr&gt;
&lt;h2 id=&#34;consejos-de-viaje&#34;&gt;Consejos de Viaje&lt;/h2&gt;
&lt;ul&gt;
&lt;li&gt;Llevar calzado cómodo.&lt;/li&gt;
&lt;li&gt;Comprar entradas con antelación.&lt;/li&gt;
&lt;li&gt;Probar los croissants y el café local.&lt;/li&gt;
&lt;/ul&gt;
&lt;p&gt;&lt;img alt=&#34;Torre Eiffel&#34; loading=&#34;lazy&#34; src=&#34;https://upload.wikimedia.org/wikipedia/commons/a/a8/Tour_Eiffel_Wikimedia_Commons.jpg&#34;&gt;
&lt;img alt=&#34;Museo del Louvre&#34; loading=&#34;lazy&#34; src=&#34;https://upload.wikimedia.org/wikipedia/commons/4/4d/Louvre_Museum_Wikimedia_Commons.jpg&#34;&gt;&lt;/p&gt;
&lt;hr&gt;</description>
    </item>
    <item>
      <title>Pasta al Pesto Genovese</title>
      <link>http://localhost:1313/recetas/pasta/</link>
      <pubDate>Wed, 29 Oct 2025 00:00:00 +0000</pubDate>
      <guid>http://localhost:1313/recetas/pasta/</guid>
      <description>&lt;h1 id=&#34;-pasta-al-pesto-genovese&#34;&gt;🍃 Pasta al Pesto Genovese&lt;/h1&gt;
&lt;p&gt;Una receta clásica de &lt;strong&gt;Génova&lt;/strong&gt;, ideal para los amantes de los sabores frescos.&lt;/p&gt;
&lt;h2 id=&#34;ingredientes&#34;&gt;Ingredientes&lt;/h2&gt;
&lt;ul&gt;
&lt;li&gt;&lt;strong&gt;Espaguetis o linguini&lt;/strong&gt;&lt;/li&gt;
&lt;li&gt;&lt;em&gt;Hojas de albahaca fresca&lt;/em&gt;&lt;/li&gt;
&lt;li&gt;&lt;strong&gt;Aceite de oliva virgen extra&lt;/strong&gt;&lt;/li&gt;
&lt;li&gt;&lt;em&gt;Queso parmesano rallado&lt;/em&gt;&lt;/li&gt;
&lt;li&gt;&lt;strong&gt;Piñones tostados&lt;/strong&gt;&lt;/li&gt;
&lt;/ul&gt;
&lt;p&gt;&lt;img alt=&#34;Pasta al pesto&#34; loading=&#34;lazy&#34; src=&#34;https://upload.wikimedia.org/wikipedia/commons/a/a6/Pasta_al_pesto.jpg&#34;&gt;
&lt;img alt=&#34;Ingredientes frescos&#34; loading=&#34;lazy&#34; src=&#34;https://upload.wikimedia.org/wikipedia/commons/7/7c/Pesto_ingredients.jpg&#34;&gt;&lt;/p&gt;
&lt;hr&gt;
&lt;h2 id=&#34;preparación&#34;&gt;Preparación&lt;/h2&gt;
&lt;ol&gt;
&lt;li&gt;Tritura la &lt;em&gt;albahaca&lt;/em&gt; con los piñones, el queso y el aceite.&lt;/li&gt;
&lt;li&gt;Cuece la pasta &lt;strong&gt;al dente&lt;/strong&gt;.&lt;/li&gt;
&lt;li&gt;Mezcla todo y sirve caliente.&lt;/li&gt;
&lt;/ol&gt;
&lt;hr&gt;
&lt;h2 id=&#34;tip-del-chef-&#34;&gt;Tip del chef 👨‍🍳&lt;/h2&gt;
&lt;p&gt;Guarda un poco del agua de cocción de la pasta para que la salsa quede más cremosa.&lt;/p&gt;</description>
    </item>
    <item>
      <title>Roma</title>
      <link>http://localhost:1313/viajes/roma/</link>
      <pubDate>Wed, 29 Oct 2025 00:00:00 +0000</pubDate>
      <guid>http://localhost:1313/viajes/roma/</guid>
      <description>&lt;h1 id=&#34;bienvenido-a-roma&#34;&gt;Bienvenido a Roma&lt;/h1&gt;
&lt;p&gt;Roma, la Ciudad Eterna, es famosa por su historia, su arte y su gastronomía.&lt;br&gt;
Pasear por el Coliseo o la Fontana di Trevi es &lt;strong&gt;inolvidable&lt;/strong&gt; y &lt;em&gt;emocionante&lt;/em&gt;.&lt;/p&gt;
&lt;hr&gt;
&lt;h2 id=&#34;lugares-imperdibles&#34;&gt;Lugares Imperdibles&lt;/h2&gt;
&lt;ul&gt;
&lt;li&gt;&lt;strong&gt;Coliseo&lt;/strong&gt;: símbolo del Imperio Romano.&lt;/li&gt;
&lt;li&gt;&lt;em&gt;Panteón&lt;/em&gt;: impresionante arquitectura antigua.&lt;/li&gt;
&lt;li&gt;&lt;strong&gt;Plaza de San Pedro&lt;/strong&gt;: corazón del Vaticano.&lt;/li&gt;
&lt;/ul&gt;
&lt;hr&gt;
&lt;h2 id=&#34;consejos-de-viaje&#34;&gt;Consejos de Viaje&lt;/h2&gt;
&lt;ul&gt;
&lt;li&gt;Llevar calzado cómodo.&lt;/li&gt;
&lt;li&gt;Reservar entradas con antelación.&lt;/li&gt;
&lt;li&gt;Probar la auténtica pasta carbonara.&lt;/li&gt;
&lt;/ul&gt;
&lt;p&gt;&lt;img alt=&#34;Coliseo Romano&#34; loading=&#34;lazy&#34; src=&#34;https://upload.wikimedia.org/wikipedia/commons/d/d5/Colosseo_2020.jpg&#34;&gt;
&lt;img alt=&#34;Fontana di Trevi&#34; loading=&#34;lazy&#34; src=&#34;https://upload.wikimedia.org/wikipedia/commons/f/f9/Trevi_Fountain_Rome.jpg&#34;&gt;&lt;/p&gt;
&lt;hr&gt;</description>
    </item>
  </channel>
</rss>
