<?xml version="1.0" encoding="utf-8" standalone="yes"?>
<rss version="2.0" xmlns:atom="http://www.w3.org/2005/Atom" xmlns:content="http://purl.org/rss/1.0/modules/content/">
  <channel>
    <title>Recetas Italianas on Nuevo hugo</title>
    <link>http://localhost:1313/recetas/</link>
    <description>Recent content in Recetas Italianas on Nuevo hugo</description>
    <generator>Hugo -- 0.151.2</generator>
    <language>es</language>
    <lastBuildDate>Wed, 29 Oct 2025 00:00:00 +0000</lastBuildDate>
    <atom:link href="http://localhost:1313/recetas/index.xml" rel="self" type="application/rss+xml" />
    <item>
      <title>Lasaña Casera</title>
      <link>http://localhost:1313/recetas/lasagna/</link>
      <pubDate>Wed, 29 Oct 2025 00:00:00 +0000</pubDate>
      <guid>http://localhost:1313/recetas/lasagna/</guid>
      <description>&lt;h2 id=&#34;receta-fácil-para-preparar-una-deliciosa-lasaña-casera-con-masa-crujiente&#34;&gt;Receta fácil para preparar una deliciosa Lasaña casera con masa crujiente.&lt;/h2&gt;
&lt;h2 id=&#34;draft-false&#34;&gt;title: &amp;ldquo;Lasaña Boloñesa Casera&amp;rdquo;
date: 2025-10-29
draft: false&lt;/h2&gt;
&lt;h1 id=&#34;-lasaña-boloñesa&#34;&gt;🧀 Lasaña Boloñesa&lt;/h1&gt;
&lt;p&gt;La &lt;strong&gt;lasaña&lt;/strong&gt; es uno de los platos más &lt;em&gt;famosos&lt;/em&gt; de Italia, perfecta para compartir en familia.&lt;/p&gt;
&lt;h2 id=&#34;ingredientes-principales&#34;&gt;Ingredientes principales&lt;/h2&gt;
&lt;ul&gt;
&lt;li&gt;&lt;strong&gt;Láminas de pasta&lt;/strong&gt;&lt;/li&gt;
&lt;li&gt;&lt;em&gt;Carne molida de res&lt;/em&gt;&lt;/li&gt;
&lt;li&gt;&lt;strong&gt;Salsa bechamel&lt;/strong&gt;&lt;/li&gt;
&lt;li&gt;&lt;em&gt;Queso mozzarella y parmesano&lt;/em&gt;&lt;/li&gt;
&lt;li&gt;&lt;strong&gt;Tomate triturado&lt;/strong&gt;&lt;/li&gt;
&lt;/ul&gt;
&lt;p&gt;&lt;img alt=&#34;Lasaña boloñesa&#34; loading=&#34;lazy&#34; src=&#34;https://upload.wikimedia.org/wikipedia/commons/0/0b/Lasagna_bolognese.jpg&#34;&gt;
&lt;img alt=&#34;Ingredientes lasaña&#34; loading=&#34;lazy&#34; src=&#34;https://upload.wikimedia.org/wikipedia/commons/e/e8/Lasagna_ingredients.jpg&#34;&gt;&lt;/p&gt;
&lt;hr&gt;
&lt;h2 id=&#34;preparación&#34;&gt;Preparación&lt;/h2&gt;
&lt;ol&gt;
&lt;li&gt;Cocina la carne con tomate y especias.&lt;/li&gt;
&lt;li&gt;Alterna capas de &lt;em&gt;pasta&lt;/em&gt;, &lt;strong&gt;salsa boloñesa&lt;/strong&gt; y &lt;em&gt;queso&lt;/em&gt;.&lt;/li&gt;
&lt;li&gt;Hornea durante 30 minutos a 180 °C.&lt;/li&gt;
&lt;/ol&gt;
&lt;hr&gt;
&lt;h2 id=&#34;consejos&#34;&gt;Consejos&lt;/h2&gt;
&lt;ul&gt;
&lt;li&gt;Deja reposar unos minutos antes de servir.&lt;/li&gt;
&lt;li&gt;Acompaña con una copa de &lt;strong&gt;vino tinto italiano&lt;/strong&gt;.&lt;/li&gt;
&lt;/ul&gt;
&lt;p&gt;Descubre más sobre la gastronomía de Italia en&lt;br&gt;
👉 &lt;a href=&#34;https://www.italia.it/es&#34;&gt;https://www.italia.it/es&lt;/a&gt;&lt;/p&gt;</description>
    </item>
    <item>
      <title>Pasta al Pesto Genovese</title>
      <link>http://localhost:1313/recetas/pasta/</link>
      <pubDate>Wed, 29 Oct 2025 00:00:00 +0000</pubDate>
      <guid>http://localhost:1313/recetas/pasta/</guid>
      <description>&lt;h1 id=&#34;-pasta-al-pesto-genovese&#34;&gt;🍃 Pasta al Pesto Genovese&lt;/h1&gt;
&lt;p&gt;Una receta clásica de &lt;strong&gt;Génova&lt;/strong&gt;, ideal para los amantes de los sabores frescos.&lt;/p&gt;
&lt;h2 id=&#34;ingredientes&#34;&gt;Ingredientes&lt;/h2&gt;
&lt;ul&gt;
&lt;li&gt;&lt;strong&gt;Espaguetis o linguini&lt;/strong&gt;&lt;/li&gt;
&lt;li&gt;&lt;em&gt;Hojas de albahaca fresca&lt;/em&gt;&lt;/li&gt;
&lt;li&gt;&lt;strong&gt;Aceite de oliva virgen extra&lt;/strong&gt;&lt;/li&gt;
&lt;li&gt;&lt;em&gt;Queso parmesano rallado&lt;/em&gt;&lt;/li&gt;
&lt;li&gt;&lt;strong&gt;Piñones tostados&lt;/strong&gt;&lt;/li&gt;
&lt;/ul&gt;
&lt;p&gt;&lt;img alt=&#34;Pasta al pesto&#34; loading=&#34;lazy&#34; src=&#34;https://upload.wikimedia.org/wikipedia/commons/a/a6/Pasta_al_pesto.jpg&#34;&gt;
&lt;img alt=&#34;Ingredientes frescos&#34; loading=&#34;lazy&#34; src=&#34;https://upload.wikimedia.org/wikipedia/commons/7/7c/Pesto_ingredients.jpg&#34;&gt;&lt;/p&gt;
&lt;hr&gt;
&lt;h2 id=&#34;preparación&#34;&gt;Preparación&lt;/h2&gt;
&lt;ol&gt;
&lt;li&gt;Tritura la &lt;em&gt;albahaca&lt;/em&gt; con los piñones, el queso y el aceite.&lt;/li&gt;
&lt;li&gt;Cuece la pasta &lt;strong&gt;al dente&lt;/strong&gt;.&lt;/li&gt;
&lt;li&gt;Mezcla todo y sirve caliente.&lt;/li&gt;
&lt;/ol&gt;
&lt;hr&gt;
&lt;h2 id=&#34;tip-del-chef-&#34;&gt;Tip del chef 👨‍🍳&lt;/h2&gt;
&lt;p&gt;Guarda un poco del agua de cocción de la pasta para que la salsa quede más cremosa.&lt;/p&gt;</description>
    </item>
  </channel>
</rss>
