<?xml version="1.0" encoding="utf-8" standalone="yes"?>
<rss version="2.0" xmlns:atom="http://www.w3.org/2005/Atom" xmlns:content="http://purl.org/rss/1.0/modules/content/">
  <channel>
    <title>Viajes on Nuevo hugo</title>
    <link>http://localhost:1313/viajes/</link>
    <description>Recent content in Viajes on Nuevo hugo</description>
    <generator>Hugo -- 0.151.2</generator>
    <language>es</language>
    <lastBuildDate>Wed, 29 Oct 2025 00:00:00 +0000</lastBuildDate>
    <atom:link href="http://localhost:1313/viajes/index.xml" rel="self" type="application/rss+xml" />
    <item>
      <title>París</title>
      <link>http://localhost:1313/viajes/paris/</link>
      <pubDate>Wed, 29 Oct 2025 00:00:00 +0000</pubDate>
      <guid>http://localhost:1313/viajes/paris/</guid>
      <description>&lt;h1 id=&#34;bienvenido-a-parís&#34;&gt;Bienvenido a París&lt;/h1&gt;
&lt;p&gt;París es una ciudad llena de historia y arte.&lt;br&gt;
Caminar por sus calles es &lt;em&gt;mágico&lt;/em&gt; y &lt;strong&gt;inolvidable&lt;/strong&gt;.&lt;/p&gt;
&lt;hr&gt;
&lt;h2 id=&#34;lugares-destacados&#34;&gt;Lugares Destacados&lt;/h2&gt;
&lt;ul&gt;
&lt;li&gt;&lt;strong&gt;Torre Eiffel&lt;/strong&gt;: el símbolo más famoso de París.&lt;/li&gt;
&lt;li&gt;&lt;em&gt;Museo del Louvre&lt;/em&gt;: hogar de obras maestras como la Mona Lisa.&lt;/li&gt;
&lt;/ul&gt;
&lt;hr&gt;
&lt;h2 id=&#34;consejos-de-viaje&#34;&gt;Consejos de Viaje&lt;/h2&gt;
&lt;ul&gt;
&lt;li&gt;Llevar calzado cómodo.&lt;/li&gt;
&lt;li&gt;Comprar entradas con antelación.&lt;/li&gt;
&lt;li&gt;Probar los croissants y el café local.&lt;/li&gt;
&lt;/ul&gt;
&lt;p&gt;&lt;img alt=&#34;Torre Eiffel&#34; loading=&#34;lazy&#34; src=&#34;https://upload.wikimedia.org/wikipedia/commons/a/a8/Tour_Eiffel_Wikimedia_Commons.jpg&#34;&gt;
&lt;img alt=&#34;Museo del Louvre&#34; loading=&#34;lazy&#34; src=&#34;https://upload.wikimedia.org/wikipedia/commons/4/4d/Louvre_Museum_Wikimedia_Commons.jpg&#34;&gt;&lt;/p&gt;
&lt;hr&gt;</description>
    </item>
    <item>
      <title>Roma</title>
      <link>http://localhost:1313/viajes/roma/</link>
      <pubDate>Wed, 29 Oct 2025 00:00:00 +0000</pubDate>
      <guid>http://localhost:1313/viajes/roma/</guid>
      <description>&lt;h1 id=&#34;bienvenido-a-roma&#34;&gt;Bienvenido a Roma&lt;/h1&gt;
&lt;p&gt;Roma, la Ciudad Eterna, es famosa por su historia, su arte y su gastronomía.&lt;br&gt;
Pasear por el Coliseo o la Fontana di Trevi es &lt;strong&gt;inolvidable&lt;/strong&gt; y &lt;em&gt;emocionante&lt;/em&gt;.&lt;/p&gt;
&lt;hr&gt;
&lt;h2 id=&#34;lugares-imperdibles&#34;&gt;Lugares Imperdibles&lt;/h2&gt;
&lt;ul&gt;
&lt;li&gt;&lt;strong&gt;Coliseo&lt;/strong&gt;: símbolo del Imperio Romano.&lt;/li&gt;
&lt;li&gt;&lt;em&gt;Panteón&lt;/em&gt;: impresionante arquitectura antigua.&lt;/li&gt;
&lt;li&gt;&lt;strong&gt;Plaza de San Pedro&lt;/strong&gt;: corazón del Vaticano.&lt;/li&gt;
&lt;/ul&gt;
&lt;hr&gt;
&lt;h2 id=&#34;consejos-de-viaje&#34;&gt;Consejos de Viaje&lt;/h2&gt;
&lt;ul&gt;
&lt;li&gt;Llevar calzado cómodo.&lt;/li&gt;
&lt;li&gt;Reservar entradas con antelación.&lt;/li&gt;
&lt;li&gt;Probar la auténtica pasta carbonara.&lt;/li&gt;
&lt;/ul&gt;
&lt;p&gt;&lt;img alt=&#34;Coliseo Romano&#34; loading=&#34;lazy&#34; src=&#34;https://upload.wikimedia.org/wikipedia/commons/d/d5/Colosseo_2020.jpg&#34;&gt;
&lt;img alt=&#34;Fontana di Trevi&#34; loading=&#34;lazy&#34; src=&#34;https://upload.wikimedia.org/wikipedia/commons/f/f9/Trevi_Fountain_Rome.jpg&#34;&gt;&lt;/p&gt;
&lt;hr&gt;</description>
    </item>
  </channel>
</rss>
