<?xml version="1.0" encoding="utf-8" standalone="yes"?>
<rss version="2.0" xmlns:atom="http://www.w3.org/2005/Atom" xmlns:content="http://purl.org/rss/1.0/modules/content/">
  <channel>
    <title>Viajes on Mi Sitio tarea con Hugo</title>
    <link>http://localhost:1313/viajes/</link>
    <description>Recent content in Viajes on Mi Sitio tarea con Hugo</description>
    <generator>Hugo -- 0.151.2</generator>
    <language>es-es</language>
    <lastBuildDate>Mon, 27 Oct 2025 01:16:58 +0100</lastBuildDate>
    <atom:link href="http://localhost:1313/viajes/index.xml" rel="self" type="application/rss+xml" />
    <item>
      <title>Budapest</title>
      <link>http://localhost:1313/viajes/budapest/</link>
      <pubDate>Mon, 27 Oct 2025 01:16:58 +0100</pubDate>
      <guid>http://localhost:1313/viajes/budapest/</guid>
      <description></description>
    </item>
    <item>
      <title>Roma</title>
      <link>http://localhost:1313/viajes/roma/</link>
      <pubDate>Mon, 27 Oct 2025 00:00:00 +0000</pubDate>
      <guid>http://localhost:1313/viajes/roma/</guid>
      <description>&lt;h1 id=&#34;roma&#34;&gt;ROMA&lt;/h1&gt;
&lt;p&gt;Una ciudad preciosa llena de monumentos increibles.&lt;/p&gt;</description>
    </item>
  </channel>
</rss>
