<?xml version="1.0" encoding="utf-8" standalone="yes"?>
<rss version="2.0" xmlns:atom="http://www.w3.org/2005/Atom" xmlns:content="http://purl.org/rss/1.0/modules/content/">
  <channel>
    <title>Menus on Mi Sitio tarea con Hugo</title>
    <link>http://localhost:1313/menu/</link>
    <description>Recent content in Menus on Mi Sitio tarea con Hugo</description>
    <generator>Hugo -- 0.151.2</generator>
    <language>es-es</language>
    <lastBuildDate>Mon, 27 Oct 2025 01:17:48 +0100</lastBuildDate>
    <atom:link href="http://localhost:1313/menu/index.xml" rel="self" type="application/rss+xml" />
    <item>
      <title>Postres</title>
      <link>http://localhost:1313/menu/postres/</link>
      <pubDate>Mon, 27 Oct 2025 01:17:48 +0100</pubDate>
      <guid>http://localhost:1313/menu/postres/</guid>
      <description></description>
    </item>
    <item>
      <title>Pastas</title>
      <link>http://localhost:1313/menu/pastas/</link>
      <pubDate>Mon, 27 Oct 2025 01:17:33 +0100</pubDate>
      <guid>http://localhost:1313/menu/pastas/</guid>
      <description></description>
    </item>
  </channel>
</rss>
